time,Open
2024-09-12 04:00:00,222.86
2024-09-12 04:01:00,222.67
2024-09-12 04:02:00,222.66
2024-09-12 04:03:00,222.56
2024-09-12 04:04:00,222.22
2024-09-12 04:05:00,222.24
2024-09-12 04:06:00,222.2
2024-09-12 04:07:00,222.04
2024-09-12 04:08:00,222.01
2024-09-12 04:09:00,221.97
2024-09-12 04:10:00,221.99
2024-09-12 04:11:00,222.03
2024-09-12 04:12:00,
2024-09-12 04:13:00,222.08
2024-09-12 04:14:00,222.01
2024-09-12 04:15:00,222.0
2024-09-12 04:16:00,222.01
2024-09-12 04:17:00,222.1
2024-09-12 04:18:00,222.18
2024-09-12 04:19:00,222.23
2024-09-12 04:20:00,222.21
2024-09-12 04:21:00,222.2
2024-09-12 04:22:00,222.22
2024-09-12 04:23:00,222.23
2024-09-12 04:24:00,222.25
2024-09-12 04:25:00,222.3
2024-09-12 04:26:00,222.24
2024-09-12 04:27:00,
2024-09-12 04:28:00,
2024-09-12 04:29:00,222.23
2024-09-12 04:30:00,222.13
2024-09-12 04:31:00,222.15
2024-09-12 04:32:00,222.12
2024-09-12 04:33:00,222.16
2024-09-12 04:34:00,222.18
2024-09-12 04:35:00,222.28
2024-09-12 04:36:00,222.3
2024-09-12 04:37:00,222.27
2024-09-12 04:38:00,222.29
2024-09-12 04:39:00,222.35
2024-09-12 04:40:00,222.38
2024-09-12 04:41:00,222.4
2024-09-12 04:42:00,222.4
2024-09-12 04:43:00,
2024-09-12 04:44:00,222.46
2024-09-12 04:45:00,222.61
2024-09-12 04:46:00,
2024-09-12 04:47:00,222.55
2024-09-12 04:48:00,222.51
2024-09-12 04:49:00,222.57
2024-09-12 04:50:00,
2024-09-12 04:51:00,222.52
2024-09-12 04:52:00,222.46
2024-09-12 04:53:00,
2024-09-12 04:54:00,222.5
2024-09-12 04:55:00,222.56
2024-09-12 04:56:00,222.58
2024-09-12 04:57:00,222.65
2024-09-12 04:58:00,222.61
2024-09-12 04:59:00,
2024-09-12 05:00:00,222.61
2024-09-12 05:01:00,222.71
2024-09-12 05:02:00,222.71
2024-09-12 05:03:00,222.69
2024-09-12 05:04:00,222.78
2024-09-12 05:05:00,222.8
2024-09-12 05:06:00,222.8
2024-09-12 05:07:00,
2024-09-12 05:08:00,222.79
2024-09-12 05:09:00,222.78
2024-09-12 05:10:00,222.79
2024-09-12 05:11:00,222.83
2024-09-12 05:12:00,222.83
2024-09-12 05:13:00,222.82
2024-09-12 05:14:00,222.83
2024-09-12 05:15:00,
2024-09-12 05:16:00,222.81
2024-09-12 05:17:00,222.81
2024-09-12 05:18:00,222.8
2024-09-12 05:19:00,222.81
2024-09-12 05:20:00,222.77
2024-09-12 05:21:00,
2024-09-12 05:22:00,222.82
2024-09-12 05:23:00,222.9
2024-09-12 05:24:00,222.9
2024-09-12 05:25:00,222.91
2024-09-12 05:26:00,222.97
2024-09-12 05:27:00,222.97
2024-09-12 05:28:00,222.97
2024-09-12 05:29:00,222.99
2024-09-12 05:30:00,222.99
2024-09-12 05:31:00,222.98
2024-09-12 05:32:00,222.96
2024-09-12 05:33:00,
2024-09-12 05:34:00,222.94
2024-09-12 05:35:00,
2024-09-12 05:36:00,222.96
2024-09-12 05:37:00,222.96
2024-09-12 05:38:00,222.93
2024-09-12 05:39:00,
2024-09-12 05:40:00,
2024-09-12 05:41:00,222.92
2024-09-12 05:42:00,222.91
2024-09-12 05:43:00,222.82
2024-09-12 05:44:00,222.93
2024-09-12 05:45:00,222.78
2024-09-12 05:46:00,222.75
2024-09-12 05:47:00,
2024-09-12 05:48:00,
2024-09-12 05:49:00,
2024-09-12 05:50:00,
2024-09-12 05:51:00,
2024-09-12 05:52:00,
2024-09-12 05:53:00,
2024-09-12 05:54:00,222.62
2024-09-12 05:55:00,222.69
2024-09-12 05:56:00,222.65
2024-09-12 05:57:00,
2024-09-12 05:58:00,222.61
2024-09-12 05:59:00,
2024-09-12 06:00:00,
2024-09-12 06:01:00,
2024-09-12 06:02:00,
2024-09-12 06:03:00,
2024-09-12 06:04:00,222.61
2024-09-12 06:05:00,222.56
2024-09-12 06:06:00,222.61
2024-09-12 06:07:00,222.61
2024-09-12 06:08:00,
2024-09-12 06:09:00,
2024-09-12 06:10:00,222.51
2024-09-12 06:11:00,222.56
2024-09-12 06:12:00,222.56
2024-09-12 06:13:00,
2024-09-12 06:14:00,222.61
2024-09-12 06:15:00,222.55
2024-09-12 06:16:00,
2024-09-12 06:17:00,222.55
2024-09-12 06:18:00,222.5
2024-09-12 06:19:00,222.54
2024-09-12 06:20:00,
2024-09-12 06:21:00,
2024-09-12 06:22:00,222.51
2024-09-12 06:23:00,222.47
2024-09-12 06:24:00,
2024-09-12 06:25:00,
2024-09-12 06:26:00,
2024-09-12 06:27:00,222.51
2024-09-12 06:28:00,222.51
2024-09-12 06:29:00,222.5
2024-09-12 06:30:00,222.51
2024-09-12 06:31:00,222.59
2024-09-12 06:32:00,
2024-09-12 06:33:00,
2024-09-12 06:34:00,
2024-09-12 06:35:00,222.53
2024-09-12 06:36:00,222.59
2024-09-12 06:37:00,222.58
2024-09-12 06:38:00,
2024-09-12 06:39:00,
2024-09-12 06:40:00,
2024-09-12 06:41:00,
2024-09-12 06:42:00,
2024-09-12 06:43:00,
2024-09-12 06:44:00,
2024-09-12 06:45:00,
2024-09-12 06:46:00,
2024-09-12 06:47:00,
2024-09-12 06:48:00,
2024-09-12 06:49:00,
2024-09-12 06:50:00,
2024-09-12 06:51:00,
2024-09-12 06:52:00,
2024-09-12 06:53:00,
2024-09-12 06:54:00,
2024-09-12 06:55:00,
2024-09-12 06:56:00,
2024-09-12 06:57:00,
2024-09-12 06:58:00,
2024-09-12 06:59:00,
2024-09-12 07:00:00,222.64
2024-09-12 07:01:00,222.64
2024-09-12 07:02:00,222.63
2024-09-12 07:03:00,222.63
2024-09-12 07:04:00,222.62
2024-09-12 07:05:00,222.64
2024-09-12 07:06:00,
2024-09-12 07:07:00,222.66
2024-09-12 07:08:00,222.65
2024-09-12 07:09:00,222.71
2024-09-12 07:10:00,222.75
2024-09-12 07:11:00,
2024-09-12 07:12:00,222.88
2024-09-12 07:13:00,222.91
2024-09-12 07:14:00,222.92
2024-09-12 07:15:00,222.9
2024-09-12 07:16:00,222.9
2024-09-12 07:17:00,
2024-09-12 07:18:00,
2024-09-12 07:19:00,
2024-09-12 07:20:00,222.86
2024-09-12 07:21:00,222.91
2024-09-12 07:22:00,222.93
2024-09-12 07:23:00,222.99
2024-09-12 07:24:00,223.03
2024-09-12 07:25:00,222.98
2024-09-12 07:26:00,222.93
2024-09-12 07:27:00,222.96
2024-09-12 07:28:00,222.96
2024-09-12 07:29:00,222.89
2024-09-12 07:30:00,222.89
2024-09-12 07:31:00,222.85
2024-09-12 07:32:00,222.88
2024-09-12 07:33:00,222.89
2024-09-12 07:34:00,222.88
2024-09-12 07:35:00,222.9
2024-09-12 07:36:00,222.94
2024-09-12 07:37:00,222.94
2024-09-12 07:38:00,223.03
2024-09-12 07:39:00,222.98
2024-09-12 07:40:00,
2024-09-12 07:41:00,222.93
2024-09-12 07:42:00,222.92
2024-09-12 07:43:00,222.92
2024-09-12 07:44:00,222.9
2024-09-12 07:45:00,222.87
2024-09-12 07:46:00,222.84
2024-09-12 07:47:00,222.8
2024-09-12 07:48:00,222.89
2024-09-12 07:49:00,222.85
2024-09-12 07:50:00,222.89
2024-09-12 07:51:00,
2024-09-12 07:52:00,222.86
2024-09-12 07:53:00,222.88
2024-09-12 07:54:00,222.9
2024-09-12 07:55:00,222.89
2024-09-12 07:56:00,222.88
2024-09-12 07:57:00,222.89
2024-09-12 07:58:00,222.89
2024-09-12 07:59:00,222.94
2024-09-12 08:00:00,222.69
2024-09-12 08:01:00,222.86
2024-09-12 08:02:00,222.9
2024-09-12 08:03:00,222.79
2024-09-12 08:04:00,222.775
2024-09-12 08:05:00,222.83
2024-09-12 08:06:00,222.8
2024-09-12 08:07:00,222.78
2024-09-12 08:08:00,222.78
2024-09-12 08:09:00,222.8
2024-09-12 08:10:00,222.8495
2024-09-12 08:11:00,222.844
2024-09-12 08:12:00,222.72
2024-09-12 08:13:00,222.685
2024-09-12 08:14:00,222.8288
2024-09-12 08:15:00,222.78
2024-09-12 08:16:00,222.84
2024-09-12 08:17:00,222.79
2024-09-12 08:18:00,222.89
2024-09-12 08:19:00,222.945
2024-09-12 08:20:00,222.98
2024-09-12 08:21:00,223.045
2024-09-12 08:22:00,223.15
2024-09-12 08:23:00,223.12
2024-09-12 08:24:00,223.15
2024-09-12 08:25:00,223.1008
2024-09-12 08:26:00,223.11
2024-09-12 08:27:00,223.0911
2024-09-12 08:28:00,223.07
2024-09-12 08:29:00,222.97
2024-09-12 08:30:00,222.92
2024-09-12 08:31:00,222.8
2024-09-12 08:32:00,222.7
2024-09-12 08:33:00,222.74
2024-09-12 08:34:00,222.885
2024-09-12 08:35:00,222.8
2024-09-12 08:36:00,222.6
2024-09-12 08:37:00,222.67
2024-09-12 08:38:00,222.65
2024-09-12 08:39:00,222.56
2024-09-12 08:40:00,222.57
2024-09-12 08:41:00,222.77
2024-09-12 08:42:00,222.85
2024-09-12 08:43:00,222.95
2024-09-12 08:44:00,222.85
2024-09-12 08:45:00,222.9
2024-09-12 08:46:00,222.95
2024-09-12 08:47:00,222.71
2024-09-12 08:48:00,222.753
2024-09-12 08:49:00,222.88
2024-09-12 08:50:00,222.9
2024-09-12 08:51:00,222.74
2024-09-12 08:52:00,222.73
2024-09-12 08:53:00,222.73
2024-09-12 08:54:00,222.725
2024-09-12 08:55:00,222.73
2024-09-12 08:56:00,222.88
2024-09-12 08:57:00,222.855
2024-09-12 08:58:00,222.855
2024-09-12 08:59:00,222.81
2024-09-12 09:00:00,222.725
2024-09-12 09:01:00,222.67
2024-09-12 09:02:00,222.7245
2024-09-12 09:03:00,222.845
2024-09-12 09:04:00,222.7446
2024-09-12 09:05:00,222.88
2024-09-12 09:06:00,222.93
2024-09-12 09:07:00,222.89
2024-09-12 09:08:00,222.96
2024-09-12 09:09:00,222.915
2024-09-12 09:10:00,222.85
2024-09-12 09:11:00,222.98
2024-09-12 09:12:00,222.98
2024-09-12 09:13:00,222.92
2024-09-12 09:14:00,222.87
2024-09-12 09:15:00,222.83
2024-09-12 09:16:00,222.88
2024-09-12 09:17:00,
2024-09-12 09:18:00,222.835
2024-09-12 09:19:00,222.75
2024-09-12 09:20:00,222.84
2024-09-12 09:21:00,222.85
2024-09-12 09:22:00,222.9
2024-09-12 09:23:00,222.87
2024-09-12 09:24:00,222.85
2024-09-12 09:25:00,222.8
2024-09-12 09:26:00,222.67
2024-09-12 09:27:00,222.76
2024-09-12 09:28:00,222.7297
2024-09-12 09:29:00,222.53
2024-09-12 09:30:00,221.67999267578125
2024-09-12 09:31:00,221.74000549316406
2024-09-12 09:32:00,221.69000244140625
2024-09-12 09:33:00,221.85000610351562
2024-09-12 09:34:00,221.97000122070312
2024-09-12 09:35:00,221.66000366210938
2024-09-12 09:36:00,221.34500122070312
2024-09-12 09:37:00,221.10989379882812
2024-09-12 09:38:00,221.60000610351562
2024-09-12 09:39:00,221.41000366210938
2024-09-12 09:40:00,220.92999267578125
2024-09-12 09:41:00,221.2899932861328
2024-09-12 09:42:00,221.01499938964844
2024-09-12 09:43:00,221.17999267578125
2024-09-12 09:44:00,220.80999755859375
2024-09-12 09:45:00,221.03970336914062
2024-09-12 09:46:00,221.03500366210938
2024-09-12 09:47:00,
2024-09-12 09:48:00,220.47000122070312
2024-09-12 09:49:00,220.52999877929688
2024-09-12 09:50:00,220.0050048828125
2024-09-12 09:51:00,219.99000549316406
2024-09-12 09:52:00,220.4499969482422
2024-09-12 09:53:00,220.4700927734375
2024-09-12 09:54:00,220.76499938964844
2024-09-12 09:55:00,220.8300018310547
2024-09-12 09:56:00,220.5500030517578
2024-09-12 09:57:00,220.8300018310547
2024-09-12 09:58:00,220.8699951171875
2024-09-12 09:59:00,220.8300018310547
2024-09-12 10:00:00,221.0399932861328
2024-09-12 10:01:00,221.13999938964844
2024-09-12 10:02:00,221.27999877929688
2024-09-12 10:03:00,221.36000061035156
2024-09-12 10:04:00,221.4499969482422
2024-09-12 10:05:00,221.3300018310547
2024-09-12 10:06:00,221.66000366210938
2024-09-12 10:07:00,221.61000061035156
2024-09-12 10:08:00,221.5299072265625
2024-09-12 10:09:00,221.57000732421875
2024-09-12 10:10:00,221.57000732421875
2024-09-12 10:11:00,221.58999633789062
2024-09-12 10:12:00,221.52000427246094
2024-09-12 10:13:00,221.6699981689453
2024-09-12 10:14:00,221.73500061035156
2024-09-12 10:15:00,221.94000244140625
2024-09-12 10:16:00,222.02999877929688
2024-09-12 10:17:00,
2024-09-12 10:18:00,222.22999572753906
2024-09-12 10:19:00,222.27999877929688
2024-09-12 10:20:00,222.24000549316406
2024-09-12 10:21:00,222.3300018310547
2024-09-12 10:22:00,222.27000427246094
2024-09-12 10:23:00,222.17999267578125
2024-09-12 10:24:00,222.18150329589844
2024-09-12 10:25:00,222.1999969482422
2024-09-12 10:26:00,222.21499633789062
2024-09-12 10:27:00,222.24000549316406
2024-09-12 10:28:00,222.0500030517578
2024-09-12 10:29:00,222.13999938964844
2024-09-12 10:30:00,222.07119750976562
2024-09-12 10:31:00,222.05999755859375
2024-09-12 10:32:00,222.07049560546875
2024-09-12 10:33:00,222.08999633789062
2024-09-12 10:34:00,222.1999969482422
2024-09-12 10:35:00,222.27999877929688
2024-09-12 10:36:00,221.4499969482422
2024-09-12 10:37:00,221.47999572753906
2024-09-12 10:38:00,221.72500610351562
2024-09-12 10:39:00,221.7147979736328
2024-09-12 10:40:00,221.52000427246094
2024-09-12 10:41:00,221.73880004882812
2024-09-12 10:42:00,221.59500122070312
2024-09-12 10:43:00,221.73109436035156
2024-09-12 10:44:00,221.88999938964844
2024-09-12 10:45:00,221.8300018310547
2024-09-12 10:46:00,221.99000549316406
2024-09-12 10:47:00,221.9499969482422
2024-09-12 10:48:00,222.02000427246094
2024-09-12 10:49:00,222.0
2024-09-12 10:50:00,222.0449981689453
2024-09-12 10:51:00,222.16000366210938
2024-09-12 10:52:00,222.08999633789062
2024-09-12 10:53:00,222.04469299316406
2024-09-12 10:54:00,222.00999450683594
2024-09-12 10:55:00,222.0399932861328
2024-09-12 10:56:00,222.08999633789062
2024-09-12 10:57:00,221.9499969482422
2024-09-12 10:58:00,221.80099487304688
2024-09-12 10:59:00,221.89999389648438
2024-09-12 11:00:00,221.80999755859375
2024-09-12 11:01:00,221.77000427246094
2024-09-12 11:02:00,221.99000549316406
2024-09-12 11:03:00,222.07000732421875
2024-09-12 11:04:00,222.2801055908203
2024-09-12 11:05:00,222.16000366210938
2024-09-12 11:06:00,222.3249969482422
2024-09-12 11:07:00,222.5
2024-09-12 11:08:00,222.5500030517578
2024-09-12 11:09:00,222.86000061035156
2024-09-12 11:10:00,222.8800048828125
2024-09-12 11:11:00,222.90029907226562
2024-09-12 11:12:00,222.9149932861328
2024-09-12 11:13:00,222.86000061035156
2024-09-12 11:14:00,222.94000244140625
2024-09-12 11:15:00,222.72000122070312
2024-09-12 11:16:00,222.17990112304688
2024-09-12 11:17:00,222.16990661621094
2024-09-12 11:18:00,222.08999633789062
2024-09-12 11:19:00,221.9949951171875
2024-09-12 11:20:00,222.1300048828125
2024-09-12 11:21:00,222.0500030517578
2024-09-12 11:22:00,222.0399932861328
2024-09-12 11:23:00,221.91990661621094
2024-09-12 11:24:00,222.02000427246094
2024-09-12 11:25:00,221.97000122070312
2024-09-12 11:26:00,221.92999267578125
2024-09-12 11:27:00,221.91000366210938
2024-09-12 11:28:00,222.10000610351562
2024-09-12 11:29:00,222.07000732421875
2024-09-12 11:30:00,221.89999389648438
2024-09-12 11:31:00,221.8800048828125
2024-09-12 11:32:00,222.14999389648438
2024-09-12 11:33:00,222.36000061035156
2024-09-12 11:34:00,222.2899932861328
2024-09-12 11:35:00,222.22000122070312
2024-09-12 11:36:00,222.49000549316406
2024-09-12 11:37:00,222.26499938964844
2024-09-12 11:38:00,222.16180419921875
2024-09-12 11:39:00,222.1199951171875
2024-09-12 11:40:00,222.1699981689453
2024-09-12 11:41:00,222.14999389648438
2024-09-12 11:42:00,222.22999572753906
2024-09-12 11:43:00,222.1300048828125
2024-09-12 11:44:00,221.99000549316406
2024-09-12 11:45:00,221.97000122070312
2024-09-12 11:46:00,222.0
2024-09-12 11:47:00,221.85000610351562
2024-09-12 11:48:00,221.8800048828125
2024-09-12 11:49:00,221.89500427246094
2024-09-12 11:50:00,221.9499969482422
2024-09-12 11:51:00,222.0399932861328
2024-09-12 11:52:00,221.97999572753906
2024-09-12 11:53:00,222.07000732421875
2024-09-12 11:54:00,221.94000244140625
2024-09-12 11:55:00,222.08999633789062
2024-09-12 11:56:00,222.07000732421875
2024-09-12 11:57:00,222.0399932861328
2024-09-12 11:58:00,221.97470092773438
2024-09-12 11:59:00,221.97999572753906
2024-09-12 12:00:00,221.97999572753906
2024-09-12 12:01:00,222.0
2024-09-12 12:02:00,221.92999267578125
2024-09-12 12:03:00,222.02999877929688
2024-09-12 12:04:00,222.0800018310547
2024-09-12 12:05:00,222.10000610351562
2024-09-12 12:06:00,222.08999633789062
2024-09-12 12:07:00,222.1999053955078
2024-09-12 12:08:00,221.93499755859375
2024-09-12 12:09:00,221.9398956298828
2024-09-12 12:10:00,222.00450134277344
2024-09-12 12:11:00,222.02999877929688
2024-09-12 12:12:00,222.05999755859375
2024-09-12 12:13:00,222.02000427246094
2024-09-12 12:14:00,221.97000122070312
2024-09-12 12:15:00,221.97999572753906
2024-09-12 12:16:00,221.9199981689453
2024-09-12 12:17:00,221.75999450683594
2024-09-12 12:18:00,221.75
2024-09-12 12:19:00,221.6999969482422
2024-09-12 12:20:00,221.7449951171875
2024-09-12 12:21:00,221.72000122070312
2024-09-12 12:22:00,221.72999572753906
2024-09-12 12:23:00,221.75
2024-09-12 12:24:00,221.7550048828125
2024-09-12 12:25:00,221.80499267578125
2024-09-12 12:26:00,221.91000366210938
2024-09-12 12:27:00,221.9499969482422
2024-09-12 12:28:00,221.8249969482422
2024-09-12 12:29:00,221.92999267578125
2024-09-12 12:30:00,221.9499969482422
2024-09-12 12:31:00,221.86000061035156
2024-09-12 12:32:00,221.8000030517578
2024-09-12 12:33:00,221.77000427246094
2024-09-12 12:34:00,221.9001007080078
2024-09-12 12:35:00,221.91000366210938
2024-09-12 12:36:00,221.89999389648438
2024-09-12 12:37:00,221.8699951171875
2024-09-12 12:38:00,221.88070678710938
2024-09-12 12:39:00,221.86000061035156
2024-09-12 12:40:00,221.75
2024-09-12 12:41:00,221.75
2024-09-12 12:42:00,221.88999938964844
2024-09-12 12:43:00,221.92999267578125
2024-09-12 12:44:00,221.8300018310547
2024-09-12 12:45:00,221.8800048828125
2024-09-12 12:46:00,221.89999389648438
2024-09-12 12:47:00,221.85000610351562
2024-09-12 12:48:00,221.8699951171875
2024-09-12 12:49:00,221.9199981689453
2024-09-12 12:50:00,221.91000366210938
2024-09-12 12:51:00,221.9600067138672
2024-09-12 12:52:00,221.99000549316406
2024-09-12 12:53:00,222.0399932861328
2024-09-12 12:54:00,222.1999969482422
2024-09-12 12:55:00,222.28579711914062
2024-09-12 12:56:00,222.1999969482422
2024-09-12 12:57:00,222.21499633789062
2024-09-12 12:58:00,222.42919921875
2024-09-12 12:59:00,222.47500610351562
2024-09-12 13:00:00,222.49000549316406
2024-09-12 13:01:00,222.47000122070312
2024-09-12 13:02:00,222.52000427246094
2024-09-12 13:03:00,222.55999755859375
2024-09-12 13:04:00,222.52000427246094
2024-09-12 13:05:00,222.50999450683594
2024-09-12 13:06:00,222.64999389648438
2024-09-12 13:07:00,222.5800018310547
2024-09-12 13:08:00,222.64999389648438
2024-09-12 13:09:00,222.67010498046875
2024-09-12 13:10:00,222.72999572753906
2024-09-12 13:11:00,222.8300018310547
2024-09-12 13:12:00,222.72000122070312
2024-09-12 13:13:00,222.77999877929688
2024-09-12 13:14:00,222.75999450683594
2024-09-12 13:15:00,222.8000030517578
2024-09-12 13:16:00,222.78599548339844
2024-09-12 13:17:00,222.84010314941406
2024-09-12 13:18:00,222.88999938964844
2024-09-12 13:19:00,222.83999633789062
2024-09-12 13:20:00,222.84500122070312
2024-09-12 13:21:00,222.71499633789062
2024-09-12 13:22:00,222.77000427246094
2024-09-12 13:23:00,222.8699951171875
2024-09-12 13:24:00,222.8699951171875
2024-09-12 13:25:00,222.97000122070312
2024-09-12 13:26:00,222.8800048828125
2024-09-12 13:27:00,222.98500061035156
2024-09-12 13:28:00,223.0399932861328
2024-09-12 13:29:00,222.8800048828125
2024-09-12 13:30:00,222.60000610351562
2024-09-12 13:31:00,222.6999969482422
2024-09-12 13:32:00,222.76499938964844
2024-09-12 13:33:00,222.79200744628906
2024-09-12 13:34:00,222.7899932861328
2024-09-12 13:35:00,222.8300018310547
2024-09-12 13:36:00,222.88999938964844
2024-09-12 13:37:00,222.94000244140625
2024-09-12 13:38:00,223.0
2024-09-12 13:39:00,223.05999755859375
2024-09-12 13:40:00,223.05760192871094
2024-09-12 13:41:00,223.11900329589844
2024-09-12 13:42:00,223.1999969482422
2024-09-12 13:43:00,223.0800018310547
2024-09-12 13:44:00,223.00999450683594
2024-09-12 13:45:00,222.8300018310547
2024-09-12 13:46:00,222.9600067138672
2024-09-12 13:47:00,223.0
2024-09-12 13:48:00,222.89999389648438
2024-09-12 13:49:00,222.89999389648438
2024-09-12 13:50:00,223.02000427246094
2024-09-12 13:51:00,223.03500366210938
2024-09-12 13:52:00,223.0800018310547
2024-09-12 13:53:00,223.0749969482422
2024-09-12 13:54:00,223.07000732421875
2024-09-12 13:55:00,223.11500549316406
2024-09-12 13:56:00,223.1199951171875
2024-09-12 13:57:00,222.94500732421875
2024-09-12 13:58:00,223.0800018310547
2024-09-12 13:59:00,223.08999633789062
2024-09-12 14:00:00,223.08999633789062
2024-09-12 14:01:00,223.11500549316406
2024-09-12 14:02:00,223.06480407714844
2024-09-12 14:03:00,223.11000061035156
2024-09-12 14:04:00,223.0850067138672
2024-09-12 14:05:00,223.0699005126953
2024-09-12 14:06:00,223.0399932861328
2024-09-12 14:07:00,223.02999877929688
2024-09-12 14:08:00,223.0449981689453
2024-09-12 14:09:00,223.0800018310547
2024-09-12 14:10:00,223.05999755859375
2024-09-12 14:11:00,222.86000061035156
2024-09-12 14:12:00,222.86000061035156
2024-09-12 14:13:00,222.86000061035156
2024-09-12 14:14:00,222.91000366210938
2024-09-12 14:15:00,222.82000732421875
2024-09-12 14:16:00,222.75
2024-09-12 14:17:00,222.77059936523438
2024-09-12 14:18:00,222.7899932861328
2024-09-12 14:19:00,222.97999572753906
2024-09-12 14:20:00,222.88999938964844
2024-09-12 14:21:00,222.97000122070312
2024-09-12 14:22:00,223.07000732421875
2024-09-12 14:23:00,223.1300048828125
2024-09-12 14:24:00,222.97000122070312
2024-09-12 14:25:00,223.08999633789062
2024-09-12 14:26:00,223.0800018310547
2024-09-12 14:27:00,223.12950134277344
2024-09-12 14:28:00,223.14999389648438
2024-09-12 14:29:00,223.1300048828125
2024-09-12 14:30:00,223.13999938964844
2024-09-12 14:31:00,
2024-09-12 14:32:00,222.96009826660156
2024-09-12 14:33:00,223.0500030517578
2024-09-12 14:34:00,223.13999938964844
2024-09-12 14:35:00,223.2100067138672
2024-09-12 14:36:00,223.36500549316406
2024-09-12 14:37:00,223.45489501953125
2024-09-12 14:38:00,223.47999572753906
2024-09-12 14:39:00,223.52000427246094
2024-09-12 14:40:00,223.50999450683594
2024-09-12 14:41:00,223.4949951171875
2024-09-12 14:42:00,223.51499938964844
2024-09-12 14:43:00,223.50999450683594
2024-09-12 14:44:00,223.375
2024-09-12 14:45:00,223.3800048828125
2024-09-12 14:46:00,223.42999267578125
2024-09-12 14:47:00,223.35499572753906
2024-09-12 14:48:00,223.5050048828125
2024-09-12 14:49:00,223.35000610351562
2024-09-12 14:50:00,223.33999633789062
2024-09-12 14:51:00,223.14999389648438
2024-09-12 14:52:00,222.44000244140625
2024-09-12 14:53:00,222.64999389648438
2024-09-12 14:54:00,222.72999572753906
2024-09-12 14:55:00,222.89500427246094
2024-09-12 14:56:00,223.02999877929688
2024-09-12 14:57:00,222.78500366210938
2024-09-12 14:58:00,223.0399932861328
2024-09-12 14:59:00,223.25999450683594
2024-09-12 15:00:00,223.17999267578125
2024-09-12 15:01:00,223.16000366210938
2024-09-12 15:02:00,223.04049682617188
2024-09-12 15:03:00,223.24000549316406
2024-09-12 15:04:00,223.17990112304688
2024-09-12 15:05:00,223.10000610351562
2024-09-12 15:06:00,223.2030029296875
2024-09-12 15:07:00,223.1999969482422
2024-09-12 15:08:00,223.27000427246094
2024-09-12 15:09:00,223.39999389648438
2024-09-12 15:10:00,223.40499877929688
2024-09-12 15:11:00,223.41000366210938
2024-09-12 15:12:00,223.3800048828125
2024-09-12 15:13:00,223.33999633789062
2024-09-12 15:14:00,223.2698974609375
2024-09-12 15:15:00,223.22000122070312
2024-09-12 15:16:00,223.24000549316406
2024-09-12 15:17:00,223.19000244140625
2024-09-12 15:18:00,223.2050018310547
2024-09-12 15:19:00,223.22999572753906
2024-09-12 15:20:00,223.2100067138672
2024-09-12 15:21:00,223.00999450683594
2024-09-12 15:22:00,222.94000244140625
2024-09-12 15:23:00,222.93099975585938
2024-09-12 15:24:00,222.9600067138672
2024-09-12 15:25:00,222.92999267578125
2024-09-12 15:26:00,222.7949981689453
2024-09-12 15:27:00,222.77000427246094
2024-09-12 15:28:00,222.74000549316406
2024-09-12 15:29:00,222.7899932861328
2024-09-12 15:30:00,222.92999267578125
2024-09-12 15:31:00,222.9600067138672
2024-09-12 15:32:00,222.89999389648438
2024-09-12 15:33:00,222.93499755859375
2024-09-12 15:34:00,222.90499877929688
2024-09-12 15:35:00,223.0
2024-09-12 15:36:00,223.0
2024-09-12 15:37:00,223.11000061035156
2024-09-12 15:38:00,223.10000610351562
2024-09-12 15:39:00,223.1699981689453
2024-09-12 15:40:00,223.10000610351562
2024-09-12 15:41:00,223.11000061035156
2024-09-12 15:42:00,222.98500061035156
2024-09-12 15:43:00,223.13999938964844
2024-09-12 15:44:00,223.3000030517578
2024-09-12 15:45:00,223.25
2024-09-12 15:46:00,223.23500061035156
2024-09-12 15:47:00,223.0399932861328
2024-09-12 15:48:00,222.96499633789062
2024-09-12 15:49:00,222.9600067138672
2024-09-12 15:50:00,222.8000030517578
2024-09-12 15:51:00,222.82000732421875
2024-09-12 15:52:00,222.97000122070312
2024-09-12 15:53:00,222.85000610351562
2024-09-12 15:54:00,222.8699951171875
2024-09-12 15:55:00,222.55999755859375
2024-09-12 15:56:00,222.58999633789062
2024-09-12 15:57:00,222.69000244140625
2024-09-12 15:58:00,222.63499450683594
2024-09-12 15:59:00,222.72000122070312
2024-09-12 16:00:00,222.87
2024-09-12 16:01:00,222.62
2024-09-12 16:02:00,222.78
2024-09-12 16:03:00,222.67
2024-09-12 16:04:00,222.58
2024-09-12 16:05:00,222.5618
2024-09-12 16:06:00,222.54
2024-09-12 16:07:00,222.63
2024-09-12 16:08:00,222.54
2024-09-12 16:09:00,222.45
2024-09-12 16:10:00,222.49
2024-09-12 16:11:00,
2024-09-12 16:12:00,
2024-09-12 16:13:00,222.48
2024-09-12 16:14:00,222.455
2024-09-12 16:15:00,222.77
2024-09-12 16:16:00,222.43
2024-09-12 16:17:00,222.44
2024-09-12 16:18:00,222.43
2024-09-12 16:19:00,222.44
2024-09-12 16:20:00,222.77
2024-09-12 16:21:00,222.3619
2024-09-12 16:22:00,222.47
2024-09-12 16:23:00,222.47
2024-09-12 16:24:00,222.44
2024-09-12 16:25:00,222.455
2024-09-12 16:26:00,222.465
2024-09-12 16:27:00,222.445
2024-09-12 16:28:00,222.4419
2024-09-12 16:29:00,222.56
2024-09-12 16:30:00,222.569
2024-09-12 16:31:00,222.56
2024-09-12 16:32:00,222.5
2024-09-12 16:33:00,222.46
2024-09-12 16:34:00,222.49
2024-09-12 16:35:00,222.5
2024-09-12 16:36:00,222.4
2024-09-12 16:37:00,222.42
2024-09-12 16:38:00,222.4
2024-09-12 16:39:00,222.38
2024-09-12 16:40:00,222.375
2024-09-12 16:41:00,222.36
2024-09-12 16:42:00,222.38
2024-09-12 16:43:00,222.41
2024-09-12 16:44:00,222.3671
2024-09-12 16:45:00,222.465
2024-09-12 16:46:00,222.41
2024-09-12 16:47:00,222.33
2024-09-12 16:48:00,222.39
2024-09-12 16:49:00,222.39
2024-09-12 16:50:00,222.275
2024-09-12 16:51:00,222.26
2024-09-12 16:52:00,222.185
2024-09-12 16:53:00,222.362
2024-09-12 16:54:00,222.2
2024-09-12 16:55:00,222.27
2024-09-12 16:56:00,222.225
2024-09-12 16:57:00,222.225
2024-09-12 16:58:00,222.25
2024-09-12 16:59:00,222.29
2024-09-12 17:00:00,222.46
2024-09-12 17:01:00,222.385
2024-09-12 17:02:00,222.37
2024-09-12 17:03:00,222.3312
2024-09-12 17:04:00,222.186
2024-09-12 17:05:00,222.245
2024-09-12 17:06:00,222.22
2024-09-12 17:07:00,222.26
2024-09-12 17:08:00,222.26
2024-09-12 17:09:00,222.25
2024-09-12 17:10:00,222.31
2024-09-12 17:11:00,222.26
2024-09-12 17:12:00,222.31
2024-09-12 17:13:00,222.345
2024-09-12 17:14:00,222.27
2024-09-12 17:15:00,222.28
2024-09-12 17:16:00,222.15
2024-09-12 17:17:00,222.18
2024-09-12 17:18:00,222.155
2024-09-12 17:19:00,222.15
2024-09-12 17:20:00,222.1955
2024-09-12 17:21:00,222.205
2024-09-12 17:22:00,222.29
2024-09-12 17:23:00,222.2
2024-09-12 17:24:00,222.205
2024-09-12 17:25:00,222.205
2024-09-12 17:26:00,222.2905
2024-09-12 17:27:00,222.13
2024-09-12 17:28:00,222.15
2024-09-12 17:29:00,222.15
2024-09-12 17:30:00,222.15
2024-09-12 17:31:00,222.14
2024-09-12 17:32:00,222.1
2024-09-12 17:33:00,222.135
2024-09-12 17:34:00,222.1008
2024-09-12 17:35:00,222.11
2024-09-12 17:36:00,222.1765
2024-09-12 17:37:00,222.17
2024-09-12 17:38:00,222.15
2024-09-12 17:39:00,222.125
2024-09-12 17:40:00,222.11
2024-09-12 17:41:00,222.11
2024-09-12 17:42:00,222.14
2024-09-12 17:43:00,222.15
2024-09-12 17:44:00,222.18
2024-09-12 17:45:00,222.08
2024-09-12 17:46:00,222.115
2024-09-12 17:47:00,222.11
2024-09-12 17:48:00,222.115
2024-09-12 17:49:00,222.08
2024-09-12 17:50:00,222.115
2024-09-12 17:51:00,222.1
2024-09-12 17:52:00,222.1475
2024-09-12 17:53:00,222.1272
2024-09-12 17:54:00,222.145
2024-09-12 17:55:00,222.18
2024-09-12 17:56:00,222.18
2024-09-12 17:57:00,222.17
2024-09-12 17:58:00,222.175
2024-09-12 17:59:00,222.2
2024-09-12 18:00:00,222.33
2024-09-12 18:01:00,222.38
2024-09-12 18:02:00,222.2
2024-09-12 18:03:00,222.3
2024-09-12 18:04:00,222.39
2024-09-12 18:05:00,222.23
2024-09-12 18:06:00,222.23
2024-09-12 18:07:00,222.35
2024-09-12 18:08:00,222.3
2024-09-12 18:09:00,222.219
2024-09-12 18:10:00,222.22
2024-09-12 18:11:00,222.21
2024-09-12 18:12:00,222.36
2024-09-12 18:13:00,222.42
2024-09-12 18:14:00,222.31
2024-09-12 18:15:00,222.37
2024-09-12 18:16:00,222.4491
2024-09-12 18:17:00,222.3
2024-09-12 18:18:00,222.375
2024-09-12 18:19:00,222.45
2024-09-12 18:20:00,222.4
2024-09-12 18:21:00,222.425
2024-09-12 18:22:00,222.41
2024-09-12 18:23:00,222.45
2024-09-12 18:24:00,222.475
2024-09-12 18:25:00,222.45
2024-09-12 18:26:00,222.5
2024-09-12 18:27:00,222.4
2024-09-12 18:28:00,222.65
2024-09-12 18:29:00,222.4695
2024-09-12 18:30:00,222.555
2024-09-12 18:31:00,222.555
2024-09-12 18:32:00,222.555
2024-09-12 18:33:00,222.58
2024-09-12 18:34:00,222.58
2024-09-12 18:35:00,222.555
2024-09-12 18:36:00,222.6405
2024-09-12 18:37:00,222.65
2024-09-12 18:38:00,222.645
2024-09-12 18:39:00,222.65
2024-09-12 18:40:00,222.58
2024-09-12 18:41:00,222.64
2024-09-12 18:42:00,222.65
2024-09-12 18:43:00,222.575
2024-09-12 18:44:00,222.575
2024-09-12 18:45:00,222.575
2024-09-12 18:46:00,222.6
2024-09-12 18:47:00,222.6
2024-09-12 18:48:00,222.725
2024-09-12 18:49:00,222.7012
2024-09-12 18:50:00,222.73
2024-09-12 18:51:00,222.749
2024-09-12 18:52:00,222.7378
2024-09-12 18:53:00,222.7385
2024-09-12 18:54:00,222.52
2024-09-12 18:55:00,222.63
2024-09-12 18:56:00,222.575
2024-09-12 18:57:00,222.74
2024-09-12 18:58:00,222.74
2024-09-12 18:59:00,222.645
2024-09-12 19:00:00,222.55
2024-09-12 19:01:00,222.6085
2024-09-12 19:02:00,222.62
2024-09-12 19:03:00,222.605
2024-09-12 19:04:00,222.61
2024-09-12 19:05:00,222.595
2024-09-12 19:06:00,222.59
2024-09-12 19:07:00,222.71
2024-09-12 19:08:00,222.77
2024-09-12 19:09:00,222.85
2024-09-12 19:10:00,222.8
2024-09-12 19:11:00,222.775
2024-09-12 19:12:00,222.775
2024-09-12 19:13:00,222.68
2024-09-12 19:14:00,222.66
2024-09-12 19:15:00,222.68
2024-09-12 19:16:00,222.59
2024-09-12 19:17:00,222.5995
2024-09-12 19:18:00,222.62
2024-09-12 19:19:00,222.77
2024-09-12 19:20:00,222.7688
2024-09-12 19:21:00,222.68
2024-09-12 19:22:00,222.73
2024-09-12 19:23:00,222.67
2024-09-12 19:24:00,222.665
2024-09-12 19:25:00,222.65
2024-09-12 19:26:00,222.695
2024-09-12 19:27:00,222.695
2024-09-12 19:28:00,222.7625
2024-09-12 19:29:00,222.805
2024-09-12 19:30:00,222.84
2024-09-12 19:31:00,222.81
2024-09-12 19:32:00,222.8288
2024-09-12 19:33:00,222.81
2024-09-12 19:34:00,222.77
2024-09-12 19:35:00,222.7
2024-09-12 19:36:00,222.7
2024-09-12 19:37:00,222.695
2024-09-12 19:38:00,222.72
2024-09-12 19:39:00,222.768
2024-09-12 19:40:00,222.755
2024-09-12 19:41:00,222.755
2024-09-12 19:42:00,222.775
2024-09-12 19:43:00,222.8
2024-09-12 19:44:00,222.8
2024-09-12 19:45:00,
2024-09-12 19:46:00,222.8
2024-09-12 19:47:00,222.8925
2024-09-12 19:48:00,222.8525
2024-09-12 19:49:00,222.88
2024-09-12 19:50:00,222.93
2024-09-12 19:51:00,222.9
2024-09-12 19:52:00,222.75
2024-09-12 19:53:00,222.815
2024-09-12 19:54:00,222.75
2024-09-12 19:55:00,222.85
2024-09-12 19:56:00,222.875
2024-09-12 19:57:00,222.8002
2024-09-12 19:58:00,222.8
2024-09-12 19:59:00,222.85
2024-09-12 20:00:00,
2024-09-12 20:01:00,
2024-09-12 20:02:00,
2024-09-12 20:03:00,
2024-09-12 20:04:00,
2024-09-12 20:05:00,
2024-09-12 20:06:00,
2024-09-12 20:07:00,
2024-09-12 20:08:00,
2024-09-12 20:09:00,
2024-09-12 20:10:00,
2024-09-12 20:11:00,
2024-09-12 20:12:00,
2024-09-12 20:13:00,
2024-09-12 20:14:00,
2024-09-12 20:15:00,
2024-09-12 20:16:00,
2024-09-12 20:17:00,
2024-09-12 20:18:00,
2024-09-12 20:19:00,
2024-09-12 20:20:00,
2024-09-12 20:21:00,
2024-09-12 20:22:00,
2024-09-12 20:23:00,
2024-09-12 20:24:00,
2024-09-12 20:25:00,
2024-09-12 20:26:00,
2024-09-12 20:27:00,
2024-09-12 20:28:00,
2024-09-12 20:29:00,
2024-09-12 20:30:00,
2024-09-12 20:31:00,
2024-09-12 20:32:00,
2024-09-12 20:33:00,
2024-09-12 20:34:00,
2024-09-12 20:35:00,
2024-09-12 20:36:00,
2024-09-12 20:37:00,
2024-09-12 20:38:00,
2024-09-12 20:39:00,
2024-09-12 20:40:00,
2024-09-12 20:41:00,
2024-09-12 20:42:00,
2024-09-12 20:43:00,
2024-09-12 20:44:00,
2024-09-12 20:45:00,
2024-09-12 20:46:00,
2024-09-12 20:47:00,
2024-09-12 20:48:00,
2024-09-12 20:49:00,
2024-09-12 20:50:00,
2024-09-12 20:51:00,
2024-09-12 20:52:00,
2024-09-12 20:53:00,
2024-09-12 20:54:00,
2024-09-12 20:55:00,
2024-09-12 20:56:00,
2024-09-12 20:57:00,
2024-09-12 20:58:00,
2024-09-12 20:59:00,
2024-09-12 21:00:00,
2024-09-12 21:01:00,
2024-09-12 21:02:00,
2024-09-12 21:03:00,
2024-09-12 21:04:00,
2024-09-12 21:05:00,
2024-09-12 21:06:00,
2024-09-12 21:07:00,
2024-09-12 21:08:00,
2024-09-12 21:09:00,
2024-09-12 21:10:00,
2024-09-12 21:11:00,
2024-09-12 21:12:00,
2024-09-12 21:13:00,
2024-09-12 21:14:00,
2024-09-12 21:15:00,
2024-09-12 21:16:00,
2024-09-12 21:17:00,
2024-09-12 21:18:00,
2024-09-12 21:19:00,
2024-09-12 21:20:00,
2024-09-12 21:21:00,
2024-09-12 21:22:00,
2024-09-12 21:23:00,
2024-09-12 21:24:00,
2024-09-12 21:25:00,
2024-09-12 21:26:00,
2024-09-12 21:27:00,
2024-09-12 21:28:00,
2024-09-12 21:29:00,
2024-09-12 21:30:00,
2024-09-12 21:31:00,
2024-09-12 21:32:00,
2024-09-12 21:33:00,
2024-09-12 21:34:00,
2024-09-12 21:35:00,
2024-09-12 21:36:00,
2024-09-12 21:37:00,
2024-09-12 21:38:00,
2024-09-12 21:39:00,
2024-09-12 21:40:00,
2024-09-12 21:41:00,
2024-09-12 21:42:00,
2024-09-12 21:43:00,
2024-09-12 21:44:00,
2024-09-12 21:45:00,
2024-09-12 21:46:00,
2024-09-12 21:47:00,
2024-09-12 21:48:00,
2024-09-12 21:49:00,
2024-09-12 21:50:00,
2024-09-12 21:51:00,
2024-09-12 21:52:00,
2024-09-12 21:53:00,
2024-09-12 21:54:00,
2024-09-12 21:55:00,
2024-09-12 21:56:00,
2024-09-12 21:57:00,
2024-09-12 21:58:00,
2024-09-12 21:59:00,
2024-09-12 22:00:00,
2024-09-12 22:01:00,
2024-09-12 22:02:00,
2024-09-12 22:03:00,
2024-09-12 22:04:00,
2024-09-12 22:05:00,
2024-09-12 22:06:00,
2024-09-12 22:07:00,
2024-09-12 22:08:00,
2024-09-12 22:09:00,
2024-09-12 22:10:00,
2024-09-12 22:11:00,
2024-09-12 22:12:00,
2024-09-12 22:13:00,
2024-09-12 22:14:00,
2024-09-12 22:15:00,
2024-09-12 22:16:00,
2024-09-12 22:17:00,
2024-09-12 22:18:00,
2024-09-12 22:19:00,
2024-09-12 22:20:00,
2024-09-12 22:21:00,
2024-09-12 22:22:00,
2024-09-12 22:23:00,
2024-09-12 22:24:00,
2024-09-12 22:25:00,
2024-09-12 22:26:00,
2024-09-12 22:27:00,
2024-09-12 22:28:00,
2024-09-12 22:29:00,
2024-09-12 22:30:00,
2024-09-12 22:31:00,
2024-09-12 22:32:00,
2024-09-12 22:33:00,
2024-09-12 22:34:00,
2024-09-12 22:35:00,
2024-09-12 22:36:00,
2024-09-12 22:37:00,
2024-09-12 22:38:00,
2024-09-12 22:39:00,
2024-09-12 22:40:00,
2024-09-12 22:41:00,
2024-09-12 22:42:00,
2024-09-12 22:43:00,
2024-09-12 22:44:00,
2024-09-12 22:45:00,
2024-09-12 22:46:00,
2024-09-12 22:47:00,
2024-09-12 22:48:00,
2024-09-12 22:49:00,
2024-09-12 22:50:00,
2024-09-12 22:51:00,
2024-09-12 22:52:00,
2024-09-12 22:53:00,
2024-09-12 22:54:00,
2024-09-12 22:55:00,
2024-09-12 22:56:00,
2024-09-12 22:57:00,
2024-09-12 22:58:00,
2024-09-12 22:59:00,
2024-09-12 23:00:00,
2024-09-12 23:01:00,
2024-09-12 23:02:00,
2024-09-12 23:03:00,
2024-09-12 23:04:00,
2024-09-12 23:05:00,
2024-09-12 23:06:00,
2024-09-12 23:07:00,
2024-09-12 23:08:00,
2024-09-12 23:09:00,
2024-09-12 23:10:00,
2024-09-12 23:11:00,
2024-09-12 23:12:00,
2024-09-12 23:13:00,
2024-09-12 23:14:00,
2024-09-12 23:15:00,
2024-09-12 23:16:00,
2024-09-12 23:17:00,
2024-09-12 23:18:00,
2024-09-12 23:19:00,
2024-09-12 23:20:00,
2024-09-12 23:21:00,
2024-09-12 23:22:00,
2024-09-12 23:23:00,
2024-09-12 23:24:00,
2024-09-12 23:25:00,
2024-09-12 23:26:00,
2024-09-12 23:27:00,
2024-09-12 23:28:00,
2024-09-12 23:29:00,
2024-09-12 23:30:00,
2024-09-12 23:31:00,
2024-09-12 23:32:00,
2024-09-12 23:33:00,
2024-09-12 23:34:00,
2024-09-12 23:35:00,
2024-09-12 23:36:00,
2024-09-12 23:37:00,
2024-09-12 23:38:00,
2024-09-12 23:39:00,
2024-09-12 23:40:00,
2024-09-12 23:41:00,
2024-09-12 23:42:00,
2024-09-12 23:43:00,
2024-09-12 23:44:00,
2024-09-12 23:45:00,
2024-09-12 23:46:00,
2024-09-12 23:47:00,
2024-09-12 23:48:00,
2024-09-12 23:49:00,
2024-09-12 23:50:00,
2024-09-12 23:51:00,
2024-09-12 23:52:00,
2024-09-12 23:53:00,
2024-09-12 23:54:00,
2024-09-12 23:55:00,
2024-09-12 23:56:00,
2024-09-12 23:57:00,
2024-09-12 23:58:00,
2024-09-12 23:59:00,
2024-09-13 00:00:00,
2024-09-13 00:01:00,
2024-09-13 00:02:00,
2024-09-13 00:03:00,
2024-09-13 00:04:00,
2024-09-13 00:05:00,
2024-09-13 00:06:00,
2024-09-13 00:07:00,
2024-09-13 00:08:00,
2024-09-13 00:09:00,
2024-09-13 00:10:00,
2024-09-13 00:11:00,
2024-09-13 00:12:00,
2024-09-13 00:13:00,
2024-09-13 00:14:00,
2024-09-13 00:15:00,
2024-09-13 00:16:00,
2024-09-13 00:17:00,
2024-09-13 00:18:00,
2024-09-13 00:19:00,
2024-09-13 00:20:00,
2024-09-13 00:21:00,
2024-09-13 00:22:00,
2024-09-13 00:23:00,
2024-09-13 00:24:00,
2024-09-13 00:25:00,
2024-09-13 00:26:00,
2024-09-13 00:27:00,
2024-09-13 00:28:00,
2024-09-13 00:29:00,
2024-09-13 00:30:00,
2024-09-13 00:31:00,
2024-09-13 00:32:00,
2024-09-13 00:33:00,
2024-09-13 00:34:00,
2024-09-13 00:35:00,
2024-09-13 00:36:00,
2024-09-13 00:37:00,
2024-09-13 00:38:00,
2024-09-13 00:39:00,
2024-09-13 00:40:00,
2024-09-13 00:41:00,
2024-09-13 00:42:00,
2024-09-13 00:43:00,
2024-09-13 00:44:00,
2024-09-13 00:45:00,
2024-09-13 00:46:00,
2024-09-13 00:47:00,
2024-09-13 00:48:00,
2024-09-13 00:49:00,
2024-09-13 00:50:00,
2024-09-13 00:51:00,
2024-09-13 00:52:00,
2024-09-13 00:53:00,
2024-09-13 00:54:00,
2024-09-13 00:55:00,
2024-09-13 00:56:00,
2024-09-13 00:57:00,
2024-09-13 00:58:00,
2024-09-13 00:59:00,
2024-09-13 01:00:00,
2024-09-13 01:01:00,
2024-09-13 01:02:00,
2024-09-13 01:03:00,
2024-09-13 01:04:00,
2024-09-13 01:05:00,
2024-09-13 01:06:00,
2024-09-13 01:07:00,
2024-09-13 01:08:00,
2024-09-13 01:09:00,
2024-09-13 01:10:00,
2024-09-13 01:11:00,
2024-09-13 01:12:00,
2024-09-13 01:13:00,
2024-09-13 01:14:00,
2024-09-13 01:15:00,
2024-09-13 01:16:00,
2024-09-13 01:17:00,
2024-09-13 01:18:00,
2024-09-13 01:19:00,
2024-09-13 01:20:00,
2024-09-13 01:21:00,
2024-09-13 01:22:00,
2024-09-13 01:23:00,
2024-09-13 01:24:00,
2024-09-13 01:25:00,
2024-09-13 01:26:00,
2024-09-13 01:27:00,
2024-09-13 01:28:00,
2024-09-13 01:29:00,
2024-09-13 01:30:00,
2024-09-13 01:31:00,
2024-09-13 01:32:00,
2024-09-13 01:33:00,
2024-09-13 01:34:00,
2024-09-13 01:35:00,
2024-09-13 01:36:00,
2024-09-13 01:37:00,
2024-09-13 01:38:00,
2024-09-13 01:39:00,
2024-09-13 01:40:00,
2024-09-13 01:41:00,
2024-09-13 01:42:00,
2024-09-13 01:43:00,
2024-09-13 01:44:00,
2024-09-13 01:45:00,
2024-09-13 01:46:00,
2024-09-13 01:47:00,
2024-09-13 01:48:00,
2024-09-13 01:49:00,
2024-09-13 01:50:00,
2024-09-13 01:51:00,
2024-09-13 01:52:00,
2024-09-13 01:53:00,
2024-09-13 01:54:00,
2024-09-13 01:55:00,
2024-09-13 01:56:00,
2024-09-13 01:57:00,
2024-09-13 01:58:00,
2024-09-13 01:59:00,
2024-09-13 02:00:00,
2024-09-13 02:01:00,
2024-09-13 02:02:00,
2024-09-13 02:03:00,
2024-09-13 02:04:00,
2024-09-13 02:05:00,
2024-09-13 02:06:00,
2024-09-13 02:07:00,
2024-09-13 02:08:00,
2024-09-13 02:09:00,
2024-09-13 02:10:00,
2024-09-13 02:11:00,
2024-09-13 02:12:00,
2024-09-13 02:13:00,
2024-09-13 02:14:00,
2024-09-13 02:15:00,
2024-09-13 02:16:00,
2024-09-13 02:17:00,
2024-09-13 02:18:00,
2024-09-13 02:19:00,
2024-09-13 02:20:00,
2024-09-13 02:21:00,
2024-09-13 02:22:00,
2024-09-13 02:23:00,
2024-09-13 02:24:00,
2024-09-13 02:25:00,
2024-09-13 02:26:00,
2024-09-13 02:27:00,
2024-09-13 02:28:00,
2024-09-13 02:29:00,
2024-09-13 02:30:00,
2024-09-13 02:31:00,
2024-09-13 02:32:00,
2024-09-13 02:33:00,
2024-09-13 02:34:00,
2024-09-13 02:35:00,
2024-09-13 02:36:00,
2024-09-13 02:37:00,
2024-09-13 02:38:00,
2024-09-13 02:39:00,
2024-09-13 02:40:00,
2024-09-13 02:41:00,
2024-09-13 02:42:00,
2024-09-13 02:43:00,
2024-09-13 02:44:00,
2024-09-13 02:45:00,
2024-09-13 02:46:00,
2024-09-13 02:47:00,
2024-09-13 02:48:00,
2024-09-13 02:49:00,
2024-09-13 02:50:00,
2024-09-13 02:51:00,
2024-09-13 02:52:00,
2024-09-13 02:53:00,
2024-09-13 02:54:00,
2024-09-13 02:55:00,
2024-09-13 02:56:00,
2024-09-13 02:57:00,
2024-09-13 02:58:00,
2024-09-13 02:59:00,
2024-09-13 03:00:00,
2024-09-13 03:01:00,
2024-09-13 03:02:00,
2024-09-13 03:03:00,
2024-09-13 03:04:00,
2024-09-13 03:05:00,
2024-09-13 03:06:00,
2024-09-13 03:07:00,
2024-09-13 03:08:00,
2024-09-13 03:09:00,
2024-09-13 03:10:00,
2024-09-13 03:11:00,
2024-09-13 03:12:00,
2024-09-13 03:13:00,
2024-09-13 03:14:00,
2024-09-13 03:15:00,
2024-09-13 03:16:00,
2024-09-13 03:17:00,
2024-09-13 03:18:00,
2024-09-13 03:19:00,
2024-09-13 03:20:00,
2024-09-13 03:21:00,
2024-09-13 03:22:00,
2024-09-13 03:23:00,
2024-09-13 03:24:00,
2024-09-13 03:25:00,
2024-09-13 03:26:00,
2024-09-13 03:27:00,
2024-09-13 03:28:00,
2024-09-13 03:29:00,
2024-09-13 03:30:00,
2024-09-13 03:31:00,
2024-09-13 03:32:00,
2024-09-13 03:33:00,
2024-09-13 03:34:00,
2024-09-13 03:35:00,
2024-09-13 03:36:00,
2024-09-13 03:37:00,
2024-09-13 03:38:00,
2024-09-13 03:39:00,
2024-09-13 03:40:00,
2024-09-13 03:41:00,
2024-09-13 03:42:00,
2024-09-13 03:43:00,
2024-09-13 03:44:00,
2024-09-13 03:45:00,
2024-09-13 03:46:00,
2024-09-13 03:47:00,
2024-09-13 03:48:00,
2024-09-13 03:49:00,
2024-09-13 03:50:00,
2024-09-13 03:51:00,
2024-09-13 03:52:00,
2024-09-13 03:53:00,
2024-09-13 03:54:00,
2024-09-13 03:55:00,
2024-09-13 03:56:00,
2024-09-13 03:57:00,
2024-09-13 03:58:00,
2024-09-13 03:59:00,
2024-09-13 04:00:00,222.99
2024-09-13 04:01:00,222.99
2024-09-13 04:02:00,222.76
2024-09-13 04:03:00,222.74
2024-09-13 04:04:00,222.7
2024-09-13 04:05:00,222.77
2024-09-13 04:06:00,222.94
2024-09-13 04:07:00,222.95
2024-09-13 04:08:00,222.98
2024-09-13 04:09:00,222.9
2024-09-13 04:10:00,222.92
2024-09-13 04:11:00,
2024-09-13 04:12:00,
2024-09-13 04:13:00,
2024-09-13 04:14:00,
2024-09-13 04:15:00,222.94
2024-09-13 04:16:00,222.93
2024-09-13 04:17:00,
2024-09-13 04:18:00,
2024-09-13 04:19:00,
2024-09-13 04:20:00,222.97
2024-09-13 04:21:00,
2024-09-13 04:22:00,222.97
2024-09-13 04:23:00,223.0
2024-09-13 04:24:00,
2024-09-13 04:25:00,222.93
2024-09-13 04:26:00,
2024-09-13 04:27:00,
2024-09-13 04:28:00,
2024-09-13 04:29:00,
2024-09-13 04:30:00,222.9
2024-09-13 04:31:00,
2024-09-13 04:32:00,222.92
2024-09-13 04:33:00,
2024-09-13 04:34:00,222.87
2024-09-13 04:35:00,
2024-09-13 04:36:00,222.87
2024-09-13 04:37:00,
2024-09-13 04:38:00,
2024-09-13 04:39:00,
2024-09-13 04:40:00,
2024-09-13 04:41:00,
2024-09-13 04:42:00,
2024-09-13 04:43:00,222.89
2024-09-13 04:44:00,
2024-09-13 04:45:00,222.98
2024-09-13 04:46:00,223.0
2024-09-13 04:47:00,
2024-09-13 04:48:00,
2024-09-13 04:49:00,
2024-09-13 04:50:00,
2024-09-13 04:51:00,
2024-09-13 04:52:00,223.01
2024-09-13 04:53:00,
2024-09-13 04:54:00,223.0
2024-09-13 04:55:00,
2024-09-13 04:56:00,222.89
2024-09-13 04:57:00,
2024-09-13 04:58:00,222.94
2024-09-13 04:59:00,222.95
2024-09-13 05:00:00,223.0
2024-09-13 05:01:00,223.0
2024-09-13 05:02:00,222.97
2024-09-13 05:03:00,
2024-09-13 05:04:00,
2024-09-13 05:05:00,223.0
2024-09-13 05:06:00,
2024-09-13 05:07:00,223.01
2024-09-13 05:08:00,223.06
2024-09-13 05:09:00,223.06
2024-09-13 05:10:00,223.05
2024-09-13 05:11:00,
2024-09-13 05:12:00,
2024-09-13 05:13:00,
2024-09-13 05:14:00,223.1
2024-09-13 05:15:00,
2024-09-13 05:16:00,223.08
2024-09-13 05:17:00,
2024-09-13 05:18:00,
2024-09-13 05:19:00,223.05
2024-09-13 05:20:00,223.05
2024-09-13 05:21:00,
2024-09-13 05:22:00,223.06
2024-09-13 05:23:00,223.12
2024-09-13 05:24:00,
2024-09-13 05:25:00,
2024-09-13 05:26:00,
2024-09-13 05:27:00,
2024-09-13 05:28:00,
2024-09-13 05:29:00,
2024-09-13 05:30:00,
2024-09-13 05:31:00,223.2
2024-09-13 05:32:00,
2024-09-13 05:33:00,223.26
2024-09-13 05:34:00,223.29
2024-09-13 05:35:00,
2024-09-13 05:36:00,
2024-09-13 05:37:00,
2024-09-13 05:38:00,
2024-09-13 05:39:00,223.24
2024-09-13 05:40:00,
2024-09-13 05:41:00,
2024-09-13 05:42:00,223.27
2024-09-13 05:43:00,223.26
2024-09-13 05:44:00,
2024-09-13 05:45:00,
2024-09-13 05:46:00,223.25
2024-09-13 05:47:00,223.25
2024-09-13 05:48:00,
2024-09-13 05:49:00,
2024-09-13 05:50:00,
2024-09-13 05:51:00,223.22
2024-09-13 05:52:00,
2024-09-13 05:53:00,
2024-09-13 05:54:00,
2024-09-13 05:55:00,
2024-09-13 05:56:00,
2024-09-13 05:57:00,
2024-09-13 05:58:00,223.14
2024-09-13 05:59:00,223.14
2024-09-13 06:00:00,223.14
2024-09-13 06:01:00,
2024-09-13 06:02:00,
2024-09-13 06:03:00,
2024-09-13 06:04:00,
2024-09-13 06:05:00,223.14
2024-09-13 06:06:00,223.19
2024-09-13 06:07:00,223.19
2024-09-13 06:08:00,
2024-09-13 06:09:00,223.19
2024-09-13 06:10:00,223.16
2024-09-13 06:11:00,223.19
2024-09-13 06:12:00,
2024-09-13 06:13:00,
2024-09-13 06:14:00,
2024-09-13 06:15:00,
2024-09-13 06:16:00,
2024-09-13 06:17:00,223.19
2024-09-13 06:18:00,
2024-09-13 06:19:00,
2024-09-13 06:20:00,223.15
2024-09-13 06:21:00,223.24
2024-09-13 06:22:00,
2024-09-13 06:23:00,223.38
2024-09-13 06:24:00,223.45
2024-09-13 06:25:00,223.45
2024-09-13 06:26:00,
2024-09-13 06:27:00,223.44
2024-09-13 06:28:00,
2024-09-13 06:29:00,223.36
2024-09-13 06:30:00,
2024-09-13 06:31:00,223.42
2024-09-13 06:32:00,
2024-09-13 06:33:00,223.39
2024-09-13 06:34:00,223.39
2024-09-13 06:35:00,
2024-09-13 06:36:00,
2024-09-13 06:37:00,
2024-09-13 06:38:00,223.34
2024-09-13 06:39:00,
2024-09-13 06:40:00,
2024-09-13 06:41:00,
2024-09-13 06:42:00,
2024-09-13 06:43:00,
2024-09-13 06:44:00,
2024-09-13 06:45:00,223.43
2024-09-13 06:46:00,
2024-09-13 06:47:00,223.44
2024-09-13 06:48:00,
2024-09-13 06:49:00,
2024-09-13 06:50:00,223.44
2024-09-13 06:51:00,
2024-09-13 06:52:00,223.46
2024-09-13 06:53:00,223.49
2024-09-13 06:54:00,
2024-09-13 06:55:00,
2024-09-13 06:56:00,
2024-09-13 06:57:00,223.48
2024-09-13 06:58:00,
2024-09-13 06:59:00,
2024-09-13 07:00:00,223.47
2024-09-13 07:01:00,223.47
2024-09-13 07:02:00,
2024-09-13 07:03:00,
2024-09-13 07:04:00,
2024-09-13 07:05:00,223.32
2024-09-13 07:06:00,223.32
2024-09-13 07:07:00,223.3
2024-09-13 07:08:00,
2024-09-13 07:09:00,223.36
2024-09-13 07:10:00,223.27
2024-09-13 07:11:00,223.23
2024-09-13 07:12:00,223.21
2024-09-13 07:13:00,223.19
2024-09-13 07:14:00,
2024-09-13 07:15:00,223.17
2024-09-13 07:16:00,223.23
2024-09-13 07:17:00,223.21
2024-09-13 07:18:00,223.27
2024-09-13 07:19:00,
2024-09-13 07:20:00,
2024-09-13 07:21:00,
2024-09-13 07:22:00,
2024-09-13 07:23:00,
2024-09-13 07:24:00,
2024-09-13 07:25:00,223.31
2024-09-13 07:26:00,
2024-09-13 07:27:00,
2024-09-13 07:28:00,
2024-09-13 07:29:00,223.34
2024-09-13 07:30:00,
2024-09-13 07:31:00,223.48
2024-09-13 07:32:00,223.49
2024-09-13 07:33:00,223.4
2024-09-13 07:34:00,223.36
2024-09-13 07:35:00,
2024-09-13 07:36:00,
2024-09-13 07:37:00,223.38
2024-09-13 07:38:00,223.71
2024-09-13 07:39:00,
2024-09-13 07:40:00,223.62
2024-09-13 07:41:00,
2024-09-13 07:42:00,223.58
2024-09-13 07:43:00,223.56
2024-09-13 07:44:00,223.58
2024-09-13 07:45:00,223.61
2024-09-13 07:46:00,223.6
2024-09-13 07:47:00,223.71
2024-09-13 07:48:00,223.79
2024-09-13 07:49:00,223.79
2024-09-13 07:50:00,223.76
2024-09-13 07:51:00,223.79
2024-09-13 07:52:00,223.8
2024-09-13 07:53:00,223.86
2024-09-13 07:54:00,224.05
2024-09-13 07:55:00,224.01
2024-09-13 07:56:00,223.93
2024-09-13 07:57:00,223.96
2024-09-13 07:58:00,
2024-09-13 07:59:00,
2024-09-13 08:00:00,222.85
2024-09-13 08:01:00,223.88
2024-09-13 08:02:00,223.925
2024-09-13 08:03:00,224.11
2024-09-13 08:04:00,224.1
2024-09-13 08:05:00,224.1393
2024-09-13 08:06:00,223.89
2024-09-13 08:07:00,223.89
2024-09-13 08:08:00,223.91
2024-09-13 08:09:00,223.875
2024-09-13 08:10:00,223.895
2024-09-13 08:11:00,223.9
2024-09-13 08:12:00,223.88
2024-09-13 08:13:00,223.83
2024-09-13 08:14:00,223.9
2024-09-13 08:15:00,223.92
2024-09-13 08:16:00,223.93
2024-09-13 08:17:00,223.965
2024-09-13 08:18:00,224.06
2024-09-13 08:19:00,224.01
2024-09-13 08:20:00,224.06
2024-09-13 08:21:00,224.0
2024-09-13 08:22:00,224.0
2024-09-13 08:23:00,224.02
2024-09-13 08:24:00,222.77
2024-09-13 08:25:00,224.0
2024-09-13 08:26:00,223.99
2024-09-13 08:27:00,224.03
2024-09-13 08:28:00,224.002
2024-09-13 08:29:00,224.01
2024-09-13 08:30:00,224.025
2024-09-13 08:31:00,224.06
2024-09-13 08:32:00,224.055
2024-09-13 08:33:00,224.01
2024-09-13 08:34:00,224.105
2024-09-13 08:35:00,224.17
2024-09-13 08:36:00,224.2
2024-09-13 08:37:00,224.245
2024-09-13 08:38:00,224.36
2024-09-13 08:39:00,224.362
2024-09-13 08:40:00,224.31
2024-09-13 08:41:00,224.16
2024-09-13 08:42:00,224.18
2024-09-13 08:43:00,224.15
2024-09-13 08:44:00,224.26
2024-09-13 08:45:00,224.47
2024-09-13 08:46:00,224.5855
2024-09-13 08:47:00,224.475
2024-09-13 08:48:00,224.46
2024-09-13 08:49:00,224.55
2024-09-13 08:50:00,224.39
2024-09-13 08:51:00,224.5
2024-09-13 08:52:00,224.46
2024-09-13 08:53:00,224.5
2024-09-13 08:54:00,224.5
2024-09-13 08:55:00,224.49
2024-09-13 08:56:00,224.4976
2024-09-13 08:57:00,224.5
2024-09-13 08:58:00,224.45
2024-09-13 08:59:00,224.465
2024-09-13 09:00:00,224.49
2024-09-13 09:01:00,224.4
2024-09-13 09:02:00,224.325
2024-09-13 09:03:00,
2024-09-13 09:04:00,224.11
2024-09-13 09:05:00,224.07
2024-09-13 09:06:00,224.06
2024-09-13 09:07:00,224.12
2024-09-13 09:08:00,224.215
2024-09-13 09:09:00,224.19
2024-09-13 09:10:00,224.234
2024-09-13 09:11:00,224.045
2024-09-13 09:12:00,224.145
2024-09-13 09:13:00,224.135
2024-09-13 09:14:00,224.07
2024-09-13 09:15:00,224.0883
2024-09-13 09:16:00,224.07
2024-09-13 09:17:00,224.1767
2024-09-13 09:18:00,224.25
2024-09-13 09:19:00,224.19
2024-09-13 09:20:00,224.23
2024-09-13 09:21:00,224.095
2024-09-13 09:22:00,224.095
2024-09-13 09:23:00,224.075
2024-09-13 09:24:00,224.01
2024-09-13 09:25:00,224.05
2024-09-13 09:26:00,223.91
2024-09-13 09:27:00,224.0
2024-09-13 09:28:00,224.05
2024-09-13 09:29:00,223.88
2024-09-13 09:30:00,223.59500122070312
2024-09-13 09:31:00,222.80999755859375
2024-09-13 09:32:00,222.81629943847656
2024-09-13 09:33:00,222.27999877929688
2024-09-13 09:34:00,222.84979248046875
2024-09-13 09:35:00,222.9250030517578
2024-09-13 09:36:00,222.97999572753906
2024-09-13 09:37:00,222.9199981689453
2024-09-13 09:38:00,222.52000427246094
2024-09-13 09:39:00,222.5
2024-09-13 09:40:00,222.43499755859375
2024-09-13 09:41:00,222.66000366210938
2024-09-13 09:42:00,222.72000122070312
2024-09-13 09:43:00,222.55999755859375
2024-09-13 09:44:00,222.8000030517578
